model_name,trial_number,objective_pr_auc,default_precision,default_recall,default_f1_score,default_roc_auc,best_f1_threshold,best_f1_precision,best_f1_recall,best_f1_score,best_cost_threshold,minimum_business_cost,best_cost_precision,best_cost_recall,best_cost_f1_score,best_cost_false_negatives,best_cost_false_positives,smote_sampling_strategy,smote_k_neighbors,n_estimators,learning_rate,num_leaves,max_depth,min_child_samples,subsample,colsample_bytree,reg_alpha,reg_lambda
smote_lightgbm,0,0.8204560370109367,0.8289473684210527,0.7974683544303798,0.8129032258064516,0.9660378828564353,0.87,0.953125,0.7721518987341772,0.8531468531468531,0.05,75000,0.39759036144578314,0.8354430379746836,0.5387755102040817,13,100,0.21854305348131312,10,932,0.045504758132021865,53,4,11,0.9330880728874675,0.8005575058716043,0.02358594058414266,1.5320059381854043e-08
smote_lightgbm,1,0.7477742260579611,0.378698224852071,0.810126582278481,0.5161290322580645,0.9723430660793442,0.89,0.8823529411764706,0.759493670886076,0.8163265306122449,0.46,83600,0.32338308457711445,0.8227848101265823,0.4642857142857143,14,136,0.48645943347289744,9,412,0.009778325945801386,60,6,65,0.7159725093210578,0.645614570099021,0.0032112643094417484,1.8007140198129195e-07
smote_lightgbm,2,0.8313785080418139,0.9393939393939394,0.7848101265822784,0.8551724137931035,0.960262792490212,0.97,0.9538461538461539,0.7848101265822784,0.8611111111111112,0.09,80600,0.9130434782608695,0.7974683544303798,0.8513513513513513,16,6,0.18146509184084816,5,656,0.09054594344647797,64,8,73,0.5232252063599989,0.8037724259507192,3.425445902633376e-07,3.850031979199519e-08
smote_lightgbm,3,0.828396720514192,0.8205128205128205,0.810126582278481,0.8152866242038217,0.9733242248261545,0.8300000000000001,0.9253731343283582,0.7848101265822784,0.8493150684931506,0.19,63900,0.6320754716981132,0.8481012658227848,0.7243243243243244,12,39,0.476998491764,10,1009,0.015380821666156693,39,9,56,0.5610191174223894,0.7475884550556351,2.039373116525212e-08,1.5271567592511939
smote_lightgbm,4,0.8123212453399175,0.6153846153846154,0.810126582278481,0.6994535519125683,0.9681549151155769,0.9400000000000001,0.9375,0.759493670886076,0.8391608391608392,0.16,71700,0.28936170212765955,0.8607594936708861,0.43312101910828027,11,167,0.16645099172000763,8,512,0.0340525919132447,147,4,117,0.8875664116805573,0.9697494707820946,1.1309571585271492,0.002404915432737351
smote_lightgbm,5,0.722546699381586,0.42,0.7974683544303798,0.5502183406113537,0.9759147232247455,0.81,0.8939393939393939,0.7468354430379747,0.8137931034482758,0.42000000000000004,83000,0.3333333333333333,0.8227848101265823,0.4744525547445255,14,130,0.46484340576040256,3,396,0.005907814282530534,94,6,36,0.9143687545759647,0.6783766633467947,3.3760633488778465e-06,0.0007660634613082907
smote_lightgbm,6,0.8235354239306645,0.8767123287671232,0.810126582278481,0.8421052631578947,0.9646192931538717,0.77,0.9411764705882353,0.810126582278481,0.8707482993197279,0.03,71000,0.5238095238095238,0.8354430379746836,0.6439024390243903,13,60,0.1134159012386432,9,274,0.19055576023698442,202,4,5,0.9077307142274171,0.8534286719238086,0.0363969097981129,0.08738424135626989
smote_lightgbm,7,0.8274291837718184,0.9402985074626866,0.7974683544303798,0.863013698630137,0.970954528885191,0.47000000000000003,0.9402985074626866,0.7974683544303798,0.863013698630137,0.01,73800,0.6310679611650486,0.8227848101265823,0.7142857142857143,14,38,0.08332009328034067,5,315,0.1207017234656905,166,6,12,0.6554911608578311,0.6625916610133735,0.03685153691188181,0.005470376807480385
smote_lightgbm,8,0.8245266031625222,0.9253731343283582,0.7848101265822784,0.8493150684931506,0.9649426358832516,0.91,0.9538461538461539,0.7848101265822784,0.8611111111111112,0.02,69800,0.5789473684210527,0.8354430379746836,0.6839378238341969,13,48,0.44924573415934693,6,319,0.0694433945478456,199,8,94,0.7468977981821954,0.7613664146909971,7.04480806377519e-05,1.6934490731313353e-08
smote_lightgbm,9,0.8237362526495364,0.9253731343283582,0.7848101265822784,0.8493150684931506,0.9717890425215168,0.33,0.9253731343283582,0.7848101265822784,0.8493150684931506,0.01,77600,0.7111111111111111,0.810126582278481,0.757396449704142,15,26,0.098551142146987,3,837,0.01594362770228301,138,12,33,0.7051914615178149,0.8777755692715243,1.1459970229341322e-06,4.929685216887945e-08
smote_lightgbm,10,0.826606680080039,0.810126582278481,0.810126582278481,0.810126582278481,0.9813476880438321,0.88,0.953125,0.7721518987341772,0.8531468531468531,0.21000000000000002,63500,0.6568627450980392,0.8481012658227848,0.7403314917127072,12,35,0.3234603806977676,6,694,0.025803442133388213,247,12,86,0.5078629769267746,0.539507620086958,8.536188349288985,9.169616976466295e-06
smote_lightgbm,11,0.8389910055962756,0.9253731343283582,0.7848101265822784,0.8493150684931506,0.9737919865542851,0.45,0.9253731343283582,0.7848101265822784,0.8493150684931506,0.03,64400,0.6036036036036037,0.8481012658227848,0.7052631578947368,12,44,0.32785451284685946,7,1170,0.07474766663245654,19,9,61,0.5023735411654935,0.7590795828321593,3.8085092945416025e-08,9.359331819851889
smote_lightgbm,12,0.8381319661904099,0.9253731343283582,0.7848101265822784,0.8493150684931506,0.9710193643894471,0.62,0.9538461538461539,0.7848101265822784,0.8611111111111112,0.02,76400,0.8205128205128205,0.810126582278481,0.8152866242038217,15,14,0.2848051434209055,5,1184,0.08047864774972951,16,9,71,0.5829978579849482,0.9318657440733,1.0629104556663006e-08,1.1901121202198543e-05
smote_lightgbm,13,0.8385187902289172,0.9130434782608695,0.7974683544303798,0.8513513513513513,0.9739027356130573,0.51,0.9264705882352942,0.7974683544303798,0.8571428571428571,0.06999999999999999,62700,0.7127659574468085,0.8481012658227848,0.7745664739884393,12,27,0.31073326200387247,7,1199,0.058425866494277966,17,10,48,0.6043118494053108,0.9724211915821481,1.6448952940934922e-08,6.101206772939144
smote_lightgbm,14,0.8341149687689604,0.8985507246376812,0.7848101265822784,0.8378378378378378,0.9743780104682905,0.56,0.9253731343283582,0.7848101265822784,0.8493150684931506,0.05,64100,0.6203703703703703,0.8481012658227848,0.7165775401069518,12,41,0.36721718717067986,7,1199,0.0508493323857315,18,10,47,0.6319149309310228,0.9983354202688064,1.6967632128315268e-07,8.003398277138528
smote_lightgbm,15,0.8439926012441034,0.8857142857142857,0.7848101265822784,0.8322147651006712,0.9777834048935501,0.77,0.9538461538461539,0.7848101265822784,0.8611111111111112,0.01,67200,0.75,0.8354430379746836,0.7904191616766467,13,22,0.3848665330962365,7,1049,0.15924705810164325,90,11,37,0.8100744538922787,0.5123708069652484,7.912168354190274e-06,0.3027662610057009
smote_lightgbm,16,0.8411995208072695,0.9393939393939394,0.7848101265822784,0.8551724137931035,0.9772808601695742,0.43,0.9402985074626866,0.7974683544303798,0.863013698630137,0.01,67300,0.7415730337078652,0.8354430379746836,0.7857142857142857,13,23,0.38984980244402123,8,1065,0.17122166375556724,96,11,28,0.8338962247920462,0.538699696403761,1.795793066557196e-05,0.23529158002820805
smote_lightgbm,17,0.8350084821083379,0.9253731343283582,0.7848101265822784,0.8493150684931506,0.979855358390076,0.33,0.9253731343283582,0.7848101265822784,0.8493150684931506,0.01,72100,0.7558139534883721,0.8227848101265823,0.7878787878787878,14,21,0.38576223941282045,8,1016,0.18921851841512785,104,11,26,0.8311518348426323,0.5152095877025299,3.220281324567084e-05,0.12019071336464844
smote_lightgbm,18,0.8317680466244354,0.9393939393939394,0.7848101265822784,0.8551724137931035,0.9765771305976274,0.44,0.9393939393939394,0.7848101265822784,0.8551724137931035,0.01,72500,0.7222222222222222,0.8227848101265823,0.7692307692307693,14,25,0.40420299119480346,8,827,0.12878398240296032,105,11,23,0.8199212859905155,0.5883019650024282,9.001626651465481e-05,0.19529669830194119
smote_lightgbm,19,0.834837001759427,0.9393939393939394,0.7848101265822784,0.8551724137931035,0.9777235781406959,0.45,0.9402985074626866,0.7974683544303798,0.863013698630137,0.01,76700,0.7901234567901234,0.810126582278481,0.8,15,17,0.2635121410169052,6,1054,0.12572260597470458,91,11,40,0.9804385584664498,0.5782976604485447,9.811808561821967e-06,0.020737261796578775
smote_lightgbm,20,0.8271683114484907,0.9384615384615385,0.7721518987341772,0.8472222222222222,0.9723183005863021,0.31,0.9393939393939394,0.7848101265822784,0.8551724137931035,0.01,82100,0.75,0.7974683544303798,0.7730061349693251,16,21,0.3909294948523396,9,883,0.19385498591929665,128,12,22,0.7887957332693476,0.5891772199633296,0.0008357757155573807,0.00017807434660490053
smote_lightgbm,21,0.8418800402476435,0.9253731343283582,0.7848101265822784,0.8493150684931506,0.977285590657009,0.81,0.9538461538461539,0.7848101265822784,0.8611111111111112,0.03,72000,0.7647058823529411,0.8227848101265823,0.7926829268292683,14,20,0.34783591948180387,7,1090,0.1071313019781338,76,10,57,0.8546456290117532,0.532432982443398,1.706080680331759e-07,0.7375863696540434
smote_lightgbm,22,0.8405313890898825,0.9117647058823529,0.7848101265822784,0.8435374149659864,0.9743101140604,0.62,0.9538461538461539,0.7848101265822784,0.8611111111111112,0.02,72300,0.7386363636363636,0.8227848101265823,0.7784431137724551,14,23,0.42369100684344607,7,1065,0.13373529486909166,85,10,47,0.8467630524995643,0.5002509343119388,1.1112807035040895e-06,0.49543694607114364
smote_lightgbm,23,0.8391885006462506,0.9538461538461539,0.7848101265822784,0.8611111111111112,0.9747951281544699,0.26,0.9545454545454546,0.7974683544303798,0.8689655172413793,0.02,71600,0.8024691358024691,0.8227848101265823,0.8125,14,16,0.3560356425813081,8,1097,0.1033022457443592,120,11,32,0.771064350193248,0.550227069929606,0.0006172419693137155,0.017633990118648264
smote_lightgbm,24,0.8379936644156847,0.9117647058823529,0.7848101265822784,0.8435374149659864,0.9804516780708515,0.7100000000000001,0.9538461538461539,0.7848101265822784,0.8611111111111112,0.03,72000,0.7647058823529411,0.8227848101265823,0.7926829268292683,14,20,0.25776280555963615,6,956,0.14763816109472647,77,10,54,0.8605342573702619,0.6312916127824661,9.733458912428147e-06,1.3829785479461283
smote_lightgbm,25,0.8326584350005961,0.9393939393939394,0.7848101265822784,0.8551724137931035,0.9702510775772113,0.77,0.9538461538461539,0.7848101265822784,0.8611111111111112,0.01,71800,0.7831325301204819,0.8227848101265823,0.8024691358024691,14,18,0.43696659925253173,4,1117,0.09851214701009335,165,8,85,0.9820302029326841,0.6069064355770162,4.0433482299828385e-07,0.04968735858974299
smote_lightgbm,26,0.8424281317907208,0.9253731343283582,0.7848101265822784,0.8493150684931506,0.9727704795322938,0.7100000000000001,0.9393939393939394,0.7848101265822784,0.8551724137931035,0.01,67600,0.717391304347826,0.8354430379746836,0.7719298245614035,13,26,0.341611721608461,7,748,0.15121704972763536,42,12,41,0.8081841420385705,0.5530552114455749,1.269795771833763e-07,0.4288767041866704
smote_lightgbm,27,0.8412953574941039,0.9264705882352942,0.7974683544303798,0.8571428571428571,0.9798439495674387,0.33,0.9142857142857143,0.810126582278481,0.8590604026845637,0.05,62900,0.6979166666666666,0.8481012658227848,0.7657142857142857,12,29,0.3427492180256813,7,727,0.03697922602872151,39,12,42,0.7970609649227,0.6923540989885605,1.0540334553843485e-07,1.9233054083877656
smote_lightgbm,28,0.8393640865030142,0.9,0.7974683544303798,0.8456375838926175,0.976610800537606,0.68,0.9393939393939394,0.7848101265822784,0.8551724137931035,0.01,63900,0.6320754716981132,0.8481012658227848,0.7243243243243244,12,39,0.3027077301785242,6,590,0.06193052277439865,46,12,71,0.7428806456725263,0.55750986930585,2.020416088862871e-06,0.6043511679501948
smote_lightgbm,29,0.840175735384261,0.9393939393939394,0.7848101265822784,0.8551724137931035,0.9733846081069424,0.51,0.9538461538461539,0.7848101265822784,0.8611111111111112,0.02,76300,0.8311688311688312,0.810126582278481,0.8205128205128205,15,13,0.2523675000757691,7,951,0.10798359924348401,71,9,15,0.8801023987648245,0.6156980392219596,8.431189576790712e-08,0.023109211149873198
smote_lightgbm,30,0.8401881674099182,0.9393939393939394,0.7848101265822784,0.8551724137931035,0.9659329773409652,0.53,0.9538461538461539,0.7848101265822784,0.8611111111111112,0.01,71500,0.8125,0.8227848101265823,0.8176100628930818,14,15,0.19762278293719335,10,762,0.15427015096128016,46,7,59,0.9421468901925821,0.5062016446503845,4.885888057531724e-07,0.00017932683079707707
smote_lightgbm,31,0.8400759227394908,0.9264705882352942,0.7974683544303798,0.8571428571428571,0.9773131387897187,0.37,0.9264705882352942,0.7974683544303798,0.8571428571428571,0.04,62100,0.7613636363636364,0.8481012658227848,0.8023952095808383,12,21,0.35114424975254005,7,767,0.04263001353184819,38,12,43,0.7860581421428136,0.7184591687910331,6.668190584612233e-08,1.9544871197630658
smote_lightgbm,32,0.8398666446812669,0.8888888888888888,0.810126582278481,0.847682119205298,0.977263051275701,0.67,0.9130434782608695,0.7974683544303798,0.8513513513513513,0.11,62700,0.7127659574468085,0.8481012658227848,0.7745664739884393,12,27,0.35196614346646643,7,548,0.030588294121153534,59,11,52,0.8021876564070227,0.6927048982966085,9.570548702847704e-08,2.257425204891029
smote_lightgbm,33,0.8359570439535131,0.875,0.7974683544303798,0.8344370860927153,0.9748118239924757,0.8200000000000001,0.9393939393939394,0.7848101265822784,0.8551724137931035,0.04,64600,0.5929203539823009,0.8481012658227848,0.6979166666666666,12,46,0.33675166114254257,8,681,0.023786323810697396,70,10,39,0.6902317444761281,0.6412513951596424,3.418898402183747e-06,0.6031170429678622
smote_lightgbm,34,0.8335817522177824,0.8767123287671232,0.810126582278481,0.8421052631578947,0.9760539943401109,0.67,0.9130434782608695,0.7974683544303798,0.8513513513513513,0.09999999999999999,63600,0.6504854368932039,0.8481012658227848,0.7362637362637363,12,36,0.2931636632823653,9,877,0.016775262946025327,36,12,63,0.866325516570413,0.5646456708315675,5.165584218767964e-07,0.296879397696513
smote_lightgbm,35,0.7358874872848945,0.22259136212624583,0.8481012658227848,0.3526315789473684,0.9754820227564271,0.9600000000000001,0.8695652173913043,0.759493670886076,0.8108108108108109,0.86,68100,0.6804123711340206,0.8354430379746836,0.75,13,31,0.374335138636178,6,731,0.009304403184923444,56,3,40,0.7469221046861443,0.5254884027198209,2.1458685978157946e-07,3.0932543680153533
smote_lightgbm,36,0.8290833545970645,0.8873239436619719,0.7974683544303798,0.84,0.9730142387671792,0.97,0.9538461538461539,0.7848101265822784,0.8611111111111112,0.08,71000,0.8666666666666667,0.8227848101265823,0.8441558441558441,14,10,0.4891613791747137,5,601,0.0862806904099209,32,11,18,0.8057384190350215,0.7081883630716848,3.883588227126541e-08,0.00821305068394343
smote_lightgbm,37,0.7443431416373879,0.5871559633027523,0.810126582278481,0.6808510638297872,0.9746455612723343,0.87,0.8939393939393939,0.7468354430379747,0.8137931034482758,0.28,73600,0.33004926108374383,0.8481012658227848,0.475177304964539,12,136,0.4130262070881128,7,505,0.005438723028202497,111,10,120,0.941364635997169,0.7972540521084133,0.00012045301113307201,0.06294823164910278
smote_lightgbm,38,0.8388172970658415,0.9130434782608695,0.7974683544303798,0.8513513513513513,0.9767079146620067,0.34,0.9130434782608695,0.7974683544303798,0.8513513513513513,0.03,63700,0.6442307692307693,0.8481012658227848,0.73224043715847,12,37,0.22889624503131764,8,424,0.045541361103206224,80,12,66,0.8916540814526719,0.6643086291427187,6.315471520385845e-06,1.0483131116181708
smote_lightgbm,39,0.827122046208541,0.9253731343283582,0.7848101265822784,0.8493150684931506,0.9700265185560327,0.76,0.9538461538461539,0.7848101265822784,0.8611111111111112,0.02,68200,0.673469387755102,0.8354430379746836,0.7457627118644068,13,32,0.13840898532117696,5,990,0.020049063883853895,60,9,80,0.7304418257698836,0.6100449297985624,0.006799048177863628,0.00147556027455018
smote_lightgbm,40,0.8281671892788527,0.9104477611940298,0.7721518987341772,0.8356164383561644,0.9712058012471791,0.31,0.9014084507042254,0.810126582278481,0.8533333333333334,0.12,66800,0.7857142857142857,0.8354430379746836,0.8098159509202454,13,18,0.054718789582423044,6,894,0.01120897442548501,48,11,32,0.7698179960944967,0.8045788546380639,1.1152778115649606e-06,0.07505445455336039
smote_lightgbm,41,0.8366543559345867,0.8985507246376812,0.7848101265822784,0.8378378378378378,0.977593628868217,0.68,0.9538461538461539,0.7848101265822784,0.8611111111111112,0.01,72500,0.7222222222222222,0.8227848101265823,0.7692307692307693,14,25,0.4596701684605079,8,1098,0.16625059815989396,91,11,26,0.8359874650577052,0.5336269382792876,0.00038910944507755104,0.29473921877646075
smote_lightgbm,42,0.8372602619996734,0.9384615384615385,0.7721518987341772,0.8472222222222222,0.9764449552134147,0.68,0.953125,0.7721518987341772,0.8531468531468531,0.01,67300,0.7415730337078652,0.8354430379746836,0.7857142857142857,13,23,0.4043753365037597,9,1136,0.16604748521193555,99,12,51,0.8555307171635511,0.56545638493668,3.2841506879066314e-05,0.23468556141091804
smote_lightgbm,43,0.836638825619078,0.9,0.7974683544303798,0.8456375838926175,0.9811156158955507,0.7100000000000001,0.9393939393939394,0.7848101265822784,0.8551724137931035,0.01,68300,0.6666666666666666,0.8354430379746836,0.7415730337078652,13,33,0.3354031907565637,8,813,0.1075662569358616,65,11,7,0.8237907253352427,0.5337422817335805,1.793494847713648e-05,0.8714306996291726
smote_lightgbm,44,0.8423752795949898,0.9117647058823529,0.7848101265822784,0.8435374149659864,0.9784626472364214,0.32,0.9,0.7974683544303798,0.8456375838926175,0.01,63300,0.67,0.8481012658227848,0.7486033519553073,12,33,0.3804560331586643,7,1041,0.19902683574283947,30,10,29,0.9097853439798311,0.5445351936691886,3.008716865555843e-06,3.5759400953893588
smote_lightgbm,45,0.8387738823937929,0.8857142857142857,0.7848101265822784,0.8322147651006712,0.9744353328454438,0.8200000000000001,0.9393939393939394,0.7848101265822784,0.8551724137931035,0.01,63500,0.6568627450980392,0.8481012658227848,0.7403314917127072,12,35,0.2850946164170768,7,1003,0.19951040271305734,28,9,35,0.9276779440810745,0.5014427721480516,1.9182374015845056e-07,4.2105086557174465
smote_lightgbm,46,0.8381926522583426,0.9264705882352942,0.7974683544303798,0.8571428571428571,0.9774731405706081,0.38,0.9264705882352942,0.7974683544303798,0.8571428571428571,0.02,64600,0.5929203539823009,0.8481012658227848,0.6979166666666666,12,46,0.31908764505485526,6,642,0.13961694028496763,29,10,44,0.9045320671440049,0.5868875383638025,3.123420358500968e-08,9.95693970973636
smote_lightgbm,47,0.8102947108753915,0.6947368421052632,0.8354430379746836,0.7586206896551724,0.9727902362739341,0.92,0.9253731343283582,0.7848101265822784,0.8493150684931506,0.23,66500,0.5075757575757576,0.8481012658227848,0.6350710900473934,12,65,0.42740240184036,7,212,0.03579713591842193,53,12,101,0.6839766792158486,0.86534213924329,3.1535921016964303e-06,2.928766380686822
smote_lightgbm,48,0.833069013821923,0.9117647058823529,0.7848101265822784,0.8435374149659864,0.9781860528534578,0.7100000000000001,0.9393939393939394,0.7848101265822784,0.8551724137931035,0.01,68500,0.6534653465346535,0.8354430379746836,0.7333333333333333,13,35,0.36249431555676004,7,918,0.08600203845778825,75,10,58,0.8799030430952228,0.7322206150967566,8.155152606276075e-07,1.3137235538136691
smote_lightgbm,49,0.8237348714823821,0.9393939393939394,0.7848101265822784,0.8551724137931035,0.9668339960653476,0.26,0.9393939393939394,0.7848101265822784,0.8551724137931035,0.04,81400,0.8181818181818182,0.7974683544303798,0.8076923076923077,16,14,0.34083378998807695,6,1148,0.06862952710097013,237,8,30,0.7757287253038437,0.625684035629203,1.52168680871132e-07,0.11238317930396989
smote_lightgbm,50,0.836556674603864,0.9253731343283582,0.7848101265822784,0.8493150684931506,0.9693308586391223,0.53,0.9393939393939394,0.7848101265822784,0.8551724137931035,0.21000000000000002,80600,0.9130434782608695,0.7974683544303798,0.8513513513513513,16,6,0.3779263088305383,7,1024,0.11690517826436822,44,9,37,0.959859346798425,0.5233651849252785,1.1815405514292841e-08,5.733581687533351e-07
smote_lightgbm,51,0.8365800553110032,0.9253731343283582,0.7848101265822784,0.8493150684931506,0.979805827403992,0.68,0.9393939393939394,0.7848101265822784,0.8551724137931035,0.01,68000,0.6875,0.8354430379746836,0.7542857142857143,13,30,0.3868020837803808,8,1070,0.16608337965185235,86,11,28,0.8112712423473252,0.5457568379219883,5.297003485509813e-06,0.409657467328103
smote_lightgbm,52,0.8269963991184949,0.9393939393939394,0.7848101265822784,0.8551724137931035,0.9688130093969742,0.67,0.9538461538461539,0.7848101265822784,0.8611111111111112,0.01,71800,0.7831325301204819,0.8227848101265823,0.8024691358024691,14,18,0.44024733191673976,9,985,0.17139791409176566,116,5,24,0.8381963276156232,0.5715491587771245,2.3960668953275322e-05,0.04032107352102994
smote_lightgbm,53,0.8362010738012546,0.9117647058823529,0.7848101265822784,0.8435374149659864,0.9766901057681339,0.74,0.9393939393939394,0.7848101265822784,0.8551724137931035,0.01,72100,0.7558139534883721,0.8227848101265823,0.7878787878787878,14,21,0.40662685795808945,8,1032,0.13895229286355743,135,12,19,0.9038667656222913,0.5475208352885317,1.6701357398505492e-06,0.15436948734089526
smote_lightgbm,54,0.8366058252092197,0.9130434782608695,0.7974683544303798,0.8513513513513513,0.9777911962846194,0.8300000000000001,0.9538461538461539,0.7848101265822784,0.8611111111111112,0.01,64700,0.5877192982456141,0.8481012658227848,0.694300518134715,12,47,0.31134142467136694,7,796,0.11995546778254976,66,10,45,0.759632582007433,0.5957796049102931,5.716886883081924e-05,4.596549668267164
smote_lightgbm,55,0.8204376796033718,0.8472222222222222,0.7721518987341772,0.8079470198675497,0.9755728759415758,0.77,0.9384615384615385,0.7721518987341772,0.8472222222222222,0.02,71200,0.515625,0.8354430379746836,0.6376811594202898,13,62,0.39038511162014594,8,1161,0.1835148777271944,150,11,36,0.7960660031523507,0.6561006035536836,0.45089178331826063,0.005007891423569502
smote_lightgbm,56,0.8483355266526652,0.9253731343283582,0.7848101265822784,0.8493150684931506,0.9733531642786981,0.27,0.927536231884058,0.810126582278481,0.8648648648648649,0.01,62500,0.7282608695652174,0.8481012658227848,0.783625730994152,12,25,0.36680554944510324,7,1086,0.1517285483434505,26,11,55,0.8637578634446061,0.5171175023487049,0.00026518389079369407,1.0011050958330658
smote_lightgbm,57,0.8433560756078077,0.9253731343283582,0.7848101265822784,0.8493150684931506,0.9778443447022716,0.44,0.9253731343283582,0.7848101265822784,0.8493150684931506,0.02,63200,0.6767676767676768,0.8481012658227848,0.7528089887640449,12,32,0.36891528632925397,7,724,0.09148998457914082,27,12,66,0.8736627345920785,0.5172489101135932,0.0002044369262013654,0.9904634317319279
smote_lightgbm,58,0.8414473524849139,0.9117647058823529,0.7848101265822784,0.8435374149659864,0.9751117925486474,0.45,0.9130434782608695,0.7974683544303798,0.8513513513513513,0.01,68300,0.6666666666666666,0.8354430379746836,0.7415730337078652,13,33,0.36595398551897373,6,954,0.09428516499725562,23,10,66,0.8715037298629676,0.5186139027178994,0.0002816610704828024,0.6611781519862052
smote_lightgbm,59,0.8409684399699888,0.9117647058823529,0.7848101265822784,0.8435374149659864,0.9772942168399787,0.32,0.8904109589041096,0.8227848101265823,0.8552631578947368,0.060000000000000005,62500,0.7282608695652174,0.8481012658227848,0.783625730994152,12,25,0.3215973644779,7,855,0.07581821810208517,22,11,78,0.9175937472058115,0.5580662218915236,0.0027468246074360257,6.278516496301927
smote_lightgbm,60,0.834633346131743,0.9142857142857143,0.810126582278481,0.8590604026845637,0.971139852687056,0.42000000000000004,0.9142857142857143,0.810126582278481,0.8590604026845637,0.42000000000000004,75600,0.9142857142857143,0.810126582278481,0.8590604026845637,15,6,0.4771784022589093,6,1107,0.14839667904602152,16,12,50,0.8511031889852333,0.5168631489468264,0.00017564644369000412,0.12778451778541464
smote_lightgbm,61,0.8401970292044671,0.9117647058823529,0.7848101265822784,0.8435374149659864,0.9754507180601663,0.8200000000000001,0.9253731343283582,0.7848101265822784,0.8493150684931506,0.01,68500,0.6534653465346535,0.8354430379746836,0.7333333333333333,13,35,0.36679076162497753,6,936,0.11203495581093476,29,10,60,0.8707338381255638,0.5165559061191177,0.00027949242610050715,0.694511848784976
smote_lightgbm,62,0.8407109432683686,0.9253731343283582,0.7848101265822784,0.8493150684931506,0.9722089428473639,0.53,0.9393939393939394,0.7848101265822784,0.8551724137931035,0.01,63900,0.6320754716981132,0.8481012658227848,0.7243243243243244,12,39,0.3722427639917468,7,973,0.0956740026250678,24,10,68,0.8917261882978011,0.5371179356308673,0.001208283394628407,1.1767373709227527
smote_lightgbm,63,0.8384341260065821,0.9253731343283582,0.7848101265822784,0.8493150684931506,0.97951448503079,0.8,0.9393939393939394,0.7848101265822784,0.8551724137931035,0.03,66400,0.825,0.8354430379746836,0.8301886792452831,13,14,0.35876153998774957,4,1048,0.09112388590492992,41,10,73,0.9533280293125422,0.5751671632216603,0.012168041399792079,0.3981991235143744
smote_lightgbm,64,0.8417989665040911,0.9264705882352942,0.7974683544303798,0.8571428571428571,0.9718597215690749,0.73,0.9538461538461539,0.7848101265822784,0.8611111111111112,0.19,75800,0.8888888888888888,0.810126582278481,0.847682119205298,15,8,0.4214991791519816,6,1087,0.1277541273636048,53,9,63,0.8222647755812583,0.5012309289687036,0.00242686053266879,0.037422894733274405
smote_lightgbm,65,0.8363058281787009,0.9393939393939394,0.7848101265822784,0.8551724137931035,0.9686555119917857,0.45,0.9393939393939394,0.7848101265822784,0.8551724137931035,0.01,72400,0.7303370786516854,0.8227848101265823,0.7738095238095238,14,24,0.3979521197668845,7,1082,0.13115035467399433,57,8,56,0.8182675691087947,0.5010565281282536,0.0019047189937972525,0.05420803770226832
smote_lightgbm,66,0.8333143597205435,0.9264705882352942,0.7974683544303798,0.8571428571428571,0.979093193385109,0.8,0.9545454545454546,0.7974683544303798,0.8689655172413793,0.01,64900,0.5775862068965517,0.8481012658227848,0.6871794871794872,12,49,0.4145534837449099,5,1122,0.15105654026201626,47,9,54,0.5441056874604528,0.5532882436531927,0.09698244791683173,0.02578448071333699
smote_lightgbm,67,0.8384920957452449,0.9393939393939394,0.7848101265822784,0.8551724137931035,0.9741334164415048,0.33,0.9264705882352942,0.7974683544303798,0.8571428571428571,0.01,71800,0.7831325301204819,0.8227848101265823,0.8024691358024691,14,18,0.45477718241905474,7,1157,0.12426310652398834,36,11,75,0.8541908893516076,0.5258657629887301,0.00413311405507454,0.012503410269518202
smote_lightgbm,68,0.8358303266293942,0.9393939393939394,0.7848101265822784,0.8551724137931035,0.974353801503182,0.86,0.9538461538461539,0.7848101265822784,0.8611111111111112,0.01,67700,0.7096774193548387,0.8354430379746836,0.7674418604651163,13,27,0.30142056360897895,6,1191,0.05996682331048925,51,9,63,0.9215242173594793,0.5984088833133597,5.384141038017668e-05,0.20485715214964606
smote_lightgbm,69,0.8429348362508925,0.8985507246376812,0.7848101265822784,0.8378378378378378,0.9742934182223941,0.81,0.953125,0.7721518987341772,0.8531468531468531,0.01,63900,0.6320754716981132,0.8481012658227848,0.7243243243243244,12,39,0.4305559555715738,7,1043,0.10480306986678933,65,7,69,0.8418571723043234,0.5406736860852975,0.0006462010679775262,2.1489860058462447
smote_lightgbm,70,0.8388640893399273,0.8970588235294118,0.7721518987341772,0.8299319727891157,0.9753995174902816,0.66,0.953125,0.7721518987341772,0.8531468531468531,0.02,63300,0.67,0.8481012658227848,0.7486033519553073,12,33,0.44215559451589326,7,916,0.08185930196996143,80,7,91,0.840829732247855,0.5816566504540858,0.0007179506341290815,2.136427085121794
smote_lightgbm,71,0.8407803626304576,0.9130434782608695,0.7974683544303798,0.8513513513513513,0.974815163160077,0.62,0.9538461538461539,0.7848101265822784,0.8611111111111112,0.02,64000,0.6261682242990654,0.8481012658227848,0.7204301075268817,12,40,0.42592700013917717,7,1034,0.10618138603126902,65,7,57,0.892385804642671,0.5405193388767273,0.02347136358529603,4.027210184416385
smote_lightgbm,72,0.8421955751629935,0.9130434782608695,0.7974683544303798,0.8513513513513513,0.9719187135300289,0.61,0.9264705882352942,0.7974683544303798,0.8571428571428571,0.01,69100,0.616822429906542,0.8354430379746836,0.7096774193548387,13,41,0.3850671671860396,7,1083,0.18110472888311088,33,6,71,0.8238488106137637,0.5113282806693925,0.0010625363941791075,1.7958375607374055
smote_lightgbm,73,0.8367918613126328,0.9253731343283582,0.7848101265822784,0.8493150684931506,0.9726822698548298,0.75,0.953125,0.7721518987341772,0.8531468531468531,0.01,63600,0.6504854368932039,0.8481012658227848,0.7362637362637363,12,36,0.38040670453092873,7,1054,0.19883538280050878,36,6,85,0.8644620092327399,0.5556915601603862,0.0011135438029241333,1.5102591850288436
smote_lightgbm,74,0.8379047981988111,0.9393939393939394,0.7848101265822784,0.8551724137931035,0.9759924980034561,0.36000000000000004,0.9402985074626866,0.7974683544303798,0.863013698630137,0.02,72400,0.7303370786516854,0.8227848101265823,0.7738095238095238,14,24,0.3467810982238063,8,1118,0.1778456630338583,29,6,70,0.8452671405149514,0.5145624668961253,0.00013549512898345444,0.8876692473878418
smote_lightgbm,75,0.8329905887305974,0.9264705882352942,0.7974683544303798,0.8571428571428571,0.9706080902465697,0.43,0.9264705882352942,0.7974683544303798,0.8571428571428571,0.01,68400,0.44370860927152317,0.8481012658227848,0.5826086956521739,12,84,0.39655797438840173,7,1014,0.15501079456273514,41,4,78,0.7801062699491343,0.5293576533531301,1.075372850705186e-05,6.178351585264649
smote_lightgbm,76,0.8311555646907296,0.9264705882352942,0.7974683544303798,0.8571428571428571,0.9694137813012178,0.55,0.9402985074626866,0.7974683544303798,0.863013698630137,0.22,75700,0.9014084507042254,0.810126582278481,0.8533333333333334,15,7,0.47194416379676873,7,714,0.14257876283420387,72,5,49,0.8113470121819442,0.5679037073590703,0.00033148010192458394,0.42289593544733173
smote_lightgbm,77,0.8363842509563052,0.9393939393939394,0.7848101265822784,0.8551724137931035,0.9692913451558418,0.41000000000000003,0.9402985074626866,0.7974683544303798,0.863013698630137,0.01,70500,0.5454545454545454,0.8354430379746836,0.66,13,55,0.274025345596457,8,785,0.181438493883572,61,5,68,0.828836269699868,0.5445936652078782,2.786630205812167e-07,2.3696441231383703
smote_lightgbm,78,0.8334933409177501,0.8985507246376812,0.7848101265822784,0.8378378378378378,0.9755108230769872,0.8200000000000001,0.9538461538461539,0.7848101265822784,0.8611111111111112,0.03,67000,0.48905109489051096,0.8481012658227848,0.6203703703703703,12,70,0.33435452885422945,7,472,0.09917858948830863,87,6,54,0.880451240829984,0.5117948769167614,0.0005994533157491444,9.881817773238
smote_lightgbm,79,0.8326036164315366,0.8985507246376812,0.7848101265822784,0.8378378378378378,0.974556655934953,0.85,0.9523809523809523,0.759493670886076,0.8450704225352113,0.01,67400,0.475177304964539,0.8481012658227848,0.6090909090909091,12,74,0.49757742879542677,7,972,0.06847268531585293,103,7,40,0.9092233390180156,0.9289432657285328,0.00466575856849737,3.367252854930079
smote_lightgbm,80,0.8406775835577234,0.9264705882352942,0.7974683544303798,0.8571428571428571,0.9753332906661918,0.6900000000000001,0.9402985074626866,0.7974683544303798,0.863013698630137,0.03,67300,0.7415730337078652,0.8354430379746836,0.7857142857142857,13,23,0.35731569415579845,8,653,0.11609681278962294,34,12,46,0.8566718208990503,0.5321915181676969,6.569173144413111e-07,1.3352644759220904
smote_lightgbm,81,0.8313033977532912,0.9117647058823529,0.7848101265822784,0.8435374149659864,0.9791112805429486,0.62,0.9253731343283582,0.7848101265822784,0.8493150684931506,0.03,76400,0.8205128205128205,0.810126582278481,0.8152866242038217,15,14,0.4186865383451859,6,1085,0.13206451382101594,53,11,63,0.7959559567319304,0.5017873587781362,0.0017753956429584516,0.23906738023841537
smote_lightgbm,82,0.8344133167837086,0.9264705882352942,0.7974683544303798,0.8571428571428571,0.9681482367803746,0.41000000000000003,0.927536231884058,0.810126582278481,0.8648648648648649,0.03,71300,0.8333333333333334,0.8227848101265823,0.8280254777070064,14,13,0.43224670019712946,6,1129,0.1575007425292903,23,8,74,0.8281015550336306,0.5587415165069294,0.007712833381449178,0.1105962140515607
smote_lightgbm,83,0.8388278609092075,0.8985507246376812,0.7848101265822784,0.8378378378378378,0.9775118192619884,0.78,0.9242424242424242,0.7721518987341772,0.8413793103448276,0.01,67400,0.7333333333333333,0.8354430379746836,0.7810650887573964,13,24,0.4067868726569037,7,1090,0.128952105290841,45,12,82,0.8169603687056277,0.5255401439211378,4.92990802602854e-08,0.6028019800625964
smote_lightgbm,84,0.8370220878153878,0.9117647058823529,0.7848101265822784,0.8435374149659864,0.9795751465755446,0.62,0.9393939393939394,0.7848101265822784,0.8551724137931035,0.02,71500,0.8125,0.8227848101265823,0.8176100628930818,14,15,0.3803175305824675,6,1174,0.16031438284007157,51,11,61,0.7586280400154684,0.5120482944022889,0.0005041091309312767,0.375943655642104
smote_lightgbm,85,0.8368691758291612,0.9384615384615385,0.7721518987341772,0.8472222222222222,0.968485214444126,0.37,0.9264705882352942,0.7974683544303798,0.8571428571428571,0.01,65300,0.5583333333333333,0.8481012658227848,0.6733668341708543,12,53,0.3265270710243378,7,1010,0.1053831883919358,79,5,65,0.7884381758259141,0.5447485801907974,9.858556804859459e-05,1.8012293582381977
smote_lightgbm,86,0.8386617001449412,0.9117647058823529,0.7848101265822784,0.8435374149659864,0.9725923905935648,0.67,0.9393939393939394,0.7848101265822784,0.8551724137931035,0.01,69100,0.616822429906542,0.8354430379746836,0.7096774193548387,13,41,0.3510669302480982,8,593,0.14451292593359819,40,7,69,0.8446478313734214,0.5839286160425343,0.00020349663836146566,0.8785577518355786
smote_lightgbm,87,0.824994305608595,0.8205128205128205,0.810126582278481,0.8152866242038217,0.9826942073790038,0.8,0.9,0.7974683544303798,0.8456375838926175,0.09,66100,0.5234375,0.8481012658227848,0.6473429951690821,12,61,0.3955484803142923,6,1055,0.1804561355045251,93,12,34,0.8786018801052046,0.535054686983549,7.675922763577443,0.15172944296506377
smote_lightgbm,88,0.8397662226023541,0.9393939393939394,0.7848101265822784,0.8551724137931035,0.9743440622643452,0.68,0.9538461538461539,0.7848101265822784,0.8611111111111112,0.02,71400,0.8227848101265823,0.8227848101265823,0.8227848101265823,14,14,0.41551565115344286,7,1071,0.1205863773745836,70,11,60,0.8061846274003905,0.5008026464375588,4.034308825361564e-05,0.03369083811529781
smote_lightgbm,89,0.8452535647850107,0.8857142857142857,0.7848101265822784,0.8322147651006712,0.9768926819359381,0.7100000000000001,0.9538461538461539,0.7848101265822784,0.8611111111111112,0.02,67000,0.7674418604651163,0.8354430379746836,0.8,13,20,0.37366982414267624,7,618,0.07621665191689501,59,10,111,0.8994326482620846,0.5728897343687178,2.64119556439383e-08,0.08809023559096801
smote_lightgbm,90,0.8167025592386961,0.5,0.8227848101265823,0.6220095693779905,0.9674687161735365,0.9500000000000001,0.9104477611940298,0.7721518987341772,0.8356164383561644,0.29000000000000004,62400,0.28688524590163933,0.8860759493670886,0.43343653250773995,9,174,0.37088339719975527,7,350,0.07174243395252972,215,3,111,0.9925524933848109,0.5999690744979836,2.3093386462839238e-08,2.9281164492458465
smote_lightgbm,91,0.8438388888075932,0.9264705882352942,0.7974683544303798,0.8571428571428571,0.9779414588266722,0.48000000000000004,0.9264705882352942,0.7974683544303798,0.8571428571428571,0.01,67900,0.6947368421052632,0.8354430379746836,0.7586206896551724,13,29,0.382918126537614,7,1036,0.07662634347539837,57,10,100,0.8324221789456537,0.5695133318889931,7.001411406180675e-08,0.2927887508128652
smote_lightgbm,92,0.8339103511333072,0.875,0.7974683544303798,0.8344370860927153,0.9692660231348662,0.63,0.9117647058823529,0.7848101265822784,0.8435374149659864,0.03,67300,0.4785714285714286,0.8481012658227848,0.6118721461187214,12,73,0.3857681976968669,7,630,0.054978650759594835,16,10,109,0.8963813806570713,0.6192666992755056,6.115295174056931e-08,0.08091610490166928
smote_lightgbm,93,0.8415593379234731,0.9264705882352942,0.7974683544303798,0.8571428571428571,0.9796942435533196,0.42000000000000004,0.9264705882352942,0.7974683544303798,0.8571428571428571,0.03,72100,0.7558139534883721,0.8227848101265823,0.7878787878787878,14,21,0.3445523945796506,7,564,0.08127530865298915,60,10,108,0.9338295227506932,0.5662301240206126,1.4207218685190631e-07,0.2646896998084526
smote_lightgbm,94,0.83547706868632,0.9117647058823529,0.7848101265822784,0.8435374149659864,0.9746434742925835,0.36000000000000004,0.9130434782608695,0.7974683544303798,0.8513513513513513,0.03,72100,0.7558139534883721,0.8227848101265823,0.7878787878787878,14,21,0.3608374326164772,8,755,0.08708352587851194,32,11,100,0.8614600210192473,0.5782160341724122,2.1249495903541066e-08,0.6181478158430045
smote_lightgbm,95,0.8349837178218028,0.9130434782608695,0.7974683544303798,0.8513513513513513,0.9788096424029763,0.31,0.9014084507042254,0.810126582278481,0.8533333333333334,0.02,64600,0.5929203539823009,0.8481012658227848,0.6979166666666666,12,46,0.31458272605159837,7,677,0.07912067849610502,67,10,103,0.8344635052871248,0.5529144499577414,3.1139901935439104e-08,4.918717551865872
smote_lightgbm,96,0.8443907457211267,0.9264705882352942,0.7974683544303798,0.8571428571428571,0.9797908011497867,0.44,0.9264705882352942,0.7974683544303798,0.8571428571428571,0.02,62700,0.7127659574468085,0.8481012658227848,0.7745664739884393,12,27,0.33460503053130974,7,1043,0.10160044829679009,25,9,117,0.8755614957838873,0.5227467809460011,1.3225680620301177e-08,1.2339282008749808
smote_lightgbm,97,0.841678617891492,0.9264705882352942,0.7974683544303798,0.8571428571428571,0.9740930681663239,0.38,0.9264705882352942,0.7974683544303798,0.8571428571428571,0.02,63300,0.67,0.8481012658227848,0.7486033519553073,12,33,0.3277070721110634,7,998,0.06408683405023795,23,9,118,0.8735025294770249,0.5235101286028533,1.4136676729263106e-08,1.145822226576206
smote_lightgbm,98,0.8397840228547023,0.9393939393939394,0.7848101265822784,0.8551724137931035,0.9687403825016487,0.48000000000000004,0.9393939393939394,0.7848101265822784,0.8551724137931035,0.04,76000,0.8648648648648649,0.810126582278481,0.8366013071895425,15,10,0.37627228187154416,7,1034,0.09906395696776325,26,12,114,0.9032295966334897,0.5679741017788531,1.0523183143105918e-07,6.40639723511208e-07
smote_lightgbm,99,0.8398653513095302,0.8857142857142857,0.7848101265822784,0.8322147651006712,0.9718151993343926,0.62,0.9253731343283582,0.7848101265822784,0.8493150684931506,0.01,66000,0.5275590551181102,0.8481012658227848,0.6504854368932039,12,60,0.401844178831064,7,847,0.044702959586316024,33,8,95,0.9152298707771864,0.5491956647475391,3.3193440715683364e-07,0.4247901330176463
