model_name,trial_number,objective_pr_auc,default_precision,default_recall,default_f1_score,default_roc_auc,best_f1_threshold,best_f1_precision,best_f1_recall,best_f1_score,best_cost_threshold,minimum_business_cost,best_cost_precision,best_cost_recall,best_cost_f1_score,best_cost_false_negatives,best_cost_false_positives,n_estimators,max_depth,learning_rate,min_child_weight,subsample,colsample_bytree,gamma,reg_alpha,reg_lambda,scale_pos_weight
xgboost_weighted,0,0.8304900862950173,0.9253731343283582,0.7848101265822784,0.8493150684931506,0.9731049528203444,0.7000000000000001,0.9393939393939394,0.7848101265822784,0.8551724137931035,0.01,73800,0.6310679611650486,0.8227848101265823,0.7142857142857143,14,38,574,12,0.07441632389160634,0.9466503798478173,0.5780093202212182,0.5779972601681014,3.3323645788192616e-08,0.6245760287469887,0.002570603566117596,860.2001272209712
xgboost_weighted,1,0.8206545415560655,0.9384615384615385,0.7721518987341772,0.8472222222222222,0.974851615739723,0.54,0.953125,0.7721518987341772,0.8531468531468531,0.02,81200,0.84,0.7974683544303798,0.8181818181818182,16,12,220,12,0.10779361932748845,0.05022706182399988,0.5909124836035503,0.5917022549267169,5.472429642032189e-06,0.00052821153945323,7.71800699380605e-05,438.8154119500249
xgboost_weighted,2,0.8257395810243398,0.7590361445783133,0.7974683544303798,0.7777777777777778,0.976421024512273,0.93,0.9242424242424242,0.7721518987341772,0.8413793103448276,0.17,67700,0.4652777777777778,0.8481012658227848,0.600896860986547,12,77,812,4,0.014689372953975089,0.1619464506050546,0.728034992108518,0.8925879806965068,6.267062696005991e-07,0.00042472707398058225,0.0021465011216654484,191.36995622428933
xgboost_weighted,3,0.7483458806198096,0.23943661971830985,0.8607594936708861,0.3746556473829201,0.975733573382382,0.97,0.8695652173913043,0.759493670886076,0.8108108108108109,0.85,68100,0.6804123711340206,0.8354430379746836,0.75,13,31,808,4,0.006356039080497238,13.561246837383377,0.9828160165372797,0.9041986740582306,5.514725787121931e-06,7.569183361880229e-08,0.01439120761572808,589.3612026932232
xgboost_weighted,4,0.7744362980948302,0.7441860465116279,0.810126582278481,0.7757575757575758,0.971817842842077,0.6,0.8051948051948052,0.7848101265822784,0.7948717948717948,0.38,65200,0.5630252100840336,0.8481012658227848,0.6767676767676768,12,52,322,7,0.005676262589955587,10.039080181561518,0.6293899908000085,0.831261142176991,6.388511557344611e-06,0.0004793052550782129,0.0008325158565947969,331.28183418505
xgboost_weighted,5,0.8310142820727789,0.9,0.7974683544303798,0.8456375838926175,0.9791288111728548,0.38,0.8904109589041096,0.8227848101265823,0.8552631578947368,0.38,70800,0.8904109589041096,0.8227848101265823,0.8552631578947368,14,8,1170,10,0.15999399049657154,8.99190944734375,0.7989499894055425,0.9609371175115584,6.257956190096665e-08,5.805581976088804e-07,2.5529693461039728e-08,473.28811604134955
xgboost_weighted,6,0.8383640844006062,0.9253731343283582,0.7848101265822784,0.8493150684931506,0.9754810488325436,0.18000000000000002,0.9264705882352942,0.7974683544303798,0.8571428571428571,0.06999999999999999,71200,0.8441558441558441,0.8227848101265823,0.8333333333333334,14,12,589,5,0.10633034207853799,0.15054052714725988,0.6404672548436904,0.7713480415791243,1.8548894229694903e-07,0.16587190283399628,4.6876566400928895e-08,1142.0520135677518
xgboost_weighted,7,0.7583980632870969,0.4230769230769231,0.8354430379746836,0.5617021276595745,0.9771762329180708,0.9600000000000001,0.8939393939393939,0.7468354430379747,0.8137931034482758,0.6,70800,0.532258064516129,0.8354430379746836,0.6502463054187192,13,58,973,4,0.005102896587491044,4.918839315632672,0.8534286719238086,0.8645035840204937,0.08738424135626989,4.638759594322625e-08,1.683416412018213e-05,261.54488062044834
xgboost_weighted,8,0.829128714204382,0.9117647058823529,0.7848101265822784,0.8435374149659864,0.9735204009227233,0.65,0.9393939393939394,0.7848101265822784,0.8551724137931035,0.01,69700,0.584070796460177,0.8354430379746836,0.6875,13,47,1063,9,0.01694683071232564,0.016210933370464226,0.6554911608578311,0.6625916610133735,0.03685153691188181,0.005470376807480385,0.9658611176861261,621.7729364934557
xgboost_weighted,9,0.839562877299204,0.8985507246376812,0.7848101265822784,0.8378378378378378,0.9793272133811577,0.8300000000000001,0.953125,0.7721518987341772,0.8531468531468531,0.01,72200,0.7471264367816092,0.8227848101265823,0.7831325301204819,14,22,319,10,0.08275481892245508,0.7125131189145292,0.8854835899772805,0.7468977981821954,0.0005065186776865479,7.04480806377519e-05,1.6934490731313353e-08,253.48033621420691
xgboost_weighted,10,0.8094002205330949,0.8051948051948052,0.7848101265822784,0.7948717948717948,0.9776008637313528,0.93,0.953125,0.7721518987341772,0.8531468531468531,0.11,68800,0.6346153846153846,0.8354430379746836,0.7213114754098361,13,38,466,7,0.039486473814328724,1.2941750611595952,0.9875707621163746,0.7340277259511059,4.3444691085504035,3.995152267446128e-06,3.3316309468938208,890.8635549729897
xgboost_weighted,11,0.8260117542797808,0.8181818181818182,0.7974683544303798,0.8076923076923077,0.9760094721054287,0.99,0.9682539682539683,0.7721518987341772,0.8591549295774648,0.04,65400,0.5537190082644629,0.8481012658227848,0.67,12,54,558,7,0.06122084047672805,0.2871228981713224,0.8742784962035658,0.7573364635093492,0.0005610628896267726,8.556445349925395,1.1147214235018128e-08,1083.744702898218
xgboost_weighted,12,0.8296819457393789,0.9117647058823529,0.7848101265822784,0.8435374149659864,0.9794632844609054,0.59,0.9253731343283582,0.7848101265822784,0.8493150684931506,0.03,71200,0.8441558441558441,0.8227848101265823,0.8333333333333334,14,12,402,9,0.19478809915325856,0.23915500906528087,0.5360030250325667,0.7374817250053208,0.0004497924164052474,0.025574091808629934,5.818138967037552e-07,1144.1350234010781
xgboost_weighted,13,0.8347282007453524,0.8985507246376812,0.7848101265822784,0.8378378378378378,0.9751613235347316,0.63,0.9253731343283582,0.7848101265822784,0.8493150684931506,0.04,66900,0.7764705882352941,0.8354430379746836,0.8048780487804879,13,19,638,6,0.03727573784133242,1.3345823763710647,0.7128516862324583,0.7902878772868397,0.0003433749161628793,7.671661419176251e-06,4.6487656611472807e-07,807.4995215706258
xgboost_weighted,14,0.8125779007478515,0.584070796460177,0.8354430379746836,0.6875,0.9757662693984768,0.93,0.8767123287671232,0.810126582278481,0.8421052631578947,0.55,68500,0.6534653465346535,0.8354430379746836,0.7333333333333333,13,35,242,3,0.10472321973161094,0.07917752388180457,0.910236126593346,0.6712579934183031,0.012316680067561536,0.14184312049385928,3.057738947810651e-07,986.0276420749717
xgboost_weighted,15,0.8343028985317645,0.9384615384615385,0.7721518987341772,0.8472222222222222,0.9741097640043298,0.63,0.953125,0.7721518987341772,0.8531468531468531,0.04,71500,0.8125,0.8227848101265823,0.8176100628930818,14,15,707,10,0.047319593428459525,0.5305937893343213,0.5023700598265448,0.510456783241702,1.0567232771264724e-08,6.929996548668476e-05,6.069295104226474e-06,700.1530525553766
xgboost_weighted,16,0.8127296629961477,0.7875,0.7974683544303798,0.7924528301886793,0.9765181386366736,0.92,0.9117647058823529,0.7848101265822784,0.8435374149659864,0.12,69900,0.5739130434782609,0.8354430379746836,0.6804123711340206,13,49,433,6,0.02372547475464336,3.4510062381626323,0.7929841127845034,0.6824896572809886,3.4973937212082427,2.1708423605396243,5.223990238213116e-08,425.78316404612787
xgboost_weighted,17,0.02457852330760847,0.0275049115913556,0.8860759493670886,0.053353658536585365,0.9158289066173952,0.12,0.0275049115913556,0.8860759493670886,0.053353658536585365,0.12,292500,0.0275049115913556,0.8860759493670886,0.053353658536585365,9,2475,322,10,0.10550862806421671,0.021479280191806126,0.7021254531887106,0.8068427158849223,4.462235107959963e-07,0.010400089834200762,2.962766432950296e-06,1004.9314480148997
xgboost_weighted,18,0.8287806787045756,0.8985507246376812,0.7848101265822784,0.8378378378378378,0.974209939032365,0.7100000000000001,0.9253731343283582,0.7848101265822784,0.8493150684931506,0.03,76500,0.810126582278481,0.810126582278481,0.810126582278481,15,15,747,8,0.07414516619191147,0.0966324176043152,0.7861983638172064,0.9471687426557791,5.890701741600644e-05,0.07474826264493978,1.1289232449676366e-07,737.5461811522981
xgboost_weighted,19,0.8374000791696609,0.9393939393939394,0.7848101265822784,0.8551724137931035,0.9711523745655604,0.2,0.9402985074626866,0.7974683544303798,0.863013698630137,0.01,76900,0.7710843373493976,0.810126582278481,0.7901234567901234,15,19,500,5,0.14293734603790176,0.46166558504424554,0.9242486806145318,0.6200392464368687,0.004372210909396221,2.41989485936052e-05,1.2847481685430756e-08,145.07082043482097
xgboost_weighted,20,0.8260303715491415,0.9104477611940298,0.7721518987341772,0.8356164383561644,0.9739172053393289,0.6900000000000001,0.9384615384615385,0.7721518987341772,0.8472222222222222,0.01,75900,0.5241935483870968,0.8227848101265823,0.6403940886699507,14,59,932,11,0.03041998525590357,0.03412920250252413,0.65477426123904,0.7260333582101641,0.7950873781446237,9.975855152804495e-07,9.68160589423946e-07,558.3032534609752
xgboost_weighted,21,0.8455514871288121,0.9393939393939394,0.7848101265822784,0.8551724137931035,0.9756740248934944,0.19,0.9402985074626866,0.7974683544303798,0.863013698630137,0.02,71400,0.8227848101265823,0.8227848101265823,0.8227848101265823,14,14,542,5,0.1422854353171228,0.5009667965934499,0.9072673037895492,0.5845615570970245,0.005195481701495655,0.002322800383891872,2.0615055320153454e-08,154.32633893805067
xgboost_weighted,22,0.8260051013312996,0.8378378378378378,0.7848101265822784,0.8104575163398693,0.9699775440978822,0.72,0.9117647058823529,0.7848101265822784,0.8435374149659864,0.09999999999999999,63300,0.67,0.8481012658227848,0.7486033519553073,12,33,357,3,0.13893584344976143,2.4761675463507085,0.8603499158982207,0.5281615018840327,3.9777199340748046e-05,0.0024399695222269827,8.801720184189724e-08,307.1092310336397
xgboost_weighted,23,0.8280264715204371,0.9384615384615385,0.7721518987341772,0.8472222222222222,0.9697365675026645,0.87,0.953125,0.7721518987341772,0.8531468531468531,0.01,70600,0.5409836065573771,0.8354430379746836,0.6567164179104478,13,56,634,5,0.0780942345336503,0.6117241725774754,0.9406661114568259,0.6230397737130587,0.37662390995418077,0.0020896147520531004,1.0643083278007192e-07,231.11562182364906
xgboost_weighted,24,0.825847433639732,0.9130434782608695,0.7974683544303798,0.8513513513513513,0.9787139195984094,0.76,0.9393939393939394,0.7848101265822784,0.8551724137931035,0.01,73100,0.6770833333333334,0.8227848101265823,0.7428571428571429,14,31,511,5,0.054477539785655275,0.1909094925477637,0.826404721706994,0.7798800007210819,0.003970767636215479,8.294579312528034e-05,2.059081950737248e-06,384.51485673976686
xgboost_weighted,25,0.8325231254384244,0.9242424242424242,0.7721518987341772,0.8413793103448276,0.970775326890595,0.87,0.9523809523809523,0.759493670886076,0.8450704225352113,0.03,76500,0.810126582278481,0.810126582278481,0.810126582278481,15,15,642,6,0.10238290987899505,0.12073569773948159,0.7686476025401072,0.6953681799656313,0.0029877678779984887,0.31134028309238465,1.5047095706277012e-05,178.2422191549465
xgboost_weighted,26,0.8263651935616635,0.8970588235294118,0.7721518987341772,0.8299319727891157,0.9802004057088635,0.88,0.9384615384615385,0.7721518987341772,0.8472222222222222,0.02,81500,0.8076923076923077,0.7974683544303798,0.802547770700637,16,15,293,8,0.18937904399789324,0.38470210671994637,0.8940592932171196,0.830130190612421,0.0001300116309429861,0.020171596309921727,1.3132013580343562e-08,505.93498788318436
xgboost_weighted,27,0.8349004365435019,0.9253731343283582,0.7848101265822784,0.8493150684931506,0.9824640830784899,0.36000000000000004,0.9253731343283582,0.7848101265822784,0.8493150684931506,0.01,72200,0.7471264367816092,0.8227848101265823,0.7831325301204819,14,22,399,8,0.12652280929331453,0.8266759219812075,0.9616003814385908,0.5541992247355482,4.072432003456346e-07,0.00012246025631823635,2.1992950396570428e-07,347.8303044821081
xgboost_weighted,28,0.8388065691895953,0.8985507246376812,0.7848101265822784,0.8378378378378378,0.9730328824529525,0.64,0.9393939393939394,0.7848101265822784,0.8551724137931035,0.02,72100,0.7558139534883721,0.8227848101265823,0.7878787878787878,14,21,558,11,0.08404752765168293,1.387535206310485,0.7500429813014569,0.6115272053392627,0.24063267094194554,0.05835232403419651,6.19726381912377e-08,263.4570496720756
xgboost_weighted,29,0.836454598245379,0.8857142857142857,0.7848101265822784,0.8322147651006712,0.9786496406220869,0.8400000000000001,0.9538461538461539,0.7848101265822784,0.8611111111111112,0.01,71200,0.515625,0.8354430379746836,0.6376811594202898,13,62,566,12,0.07518120799381349,1.7649762375415015,0.8338997111968104,0.5734284195739767,0.04148735812202835,1.990328039448026,7.098264613277426e-05,272.1333717733102
xgboost_weighted,30,0.8311226591791235,0.9117647058823529,0.7848101265822784,0.8435374149659864,0.9763144494130022,0.92,0.9538461538461539,0.7848101265822784,0.8611111111111112,0.01,77600,0.7111111111111111,0.810126582278481,0.757396449704142,15,26,726,11,0.07874744527927503,0.7739927800964955,0.7471142800935557,0.621301473655698,0.28041293940136724,0.0018010499442310342,1.403483638313295e-06,229.50706586115257
xgboost_weighted,31,0.8416124521851627,0.9393939393939394,0.7848101265822784,0.8551724137931035,0.9759145840927622,0.39,0.9393939393939394,0.7848101265822784,0.8551724137931035,0.01,77100,0.7529411764705882,0.810126582278481,0.7804878048780488,15,21,529,11,0.06045223152345077,0.3135230966485099,0.5991145684652325,0.7015397878449674,0.0019211508189974481,0.07238924622778617,4.529485348607084e-08,164.3917823207353
xgboost_weighted,32,0.834406533670616,0.9253731343283582,0.7848101265822784,0.8493150684931506,0.973730768481597,0.38,0.9253731343283582,0.7848101265822784,0.8493150684931506,0.03,71600,0.8024691358024691,0.8227848101265823,0.8125,14,16,521,11,0.057339022961392,1.0085650330463836,0.5768108003107566,0.6393063386624928,0.0013443014906278983,0.030292507069091142,3.9687934856148686e-08,147.11051929668884
xgboost_weighted,33,0.8220359582156102,0.9104477611940298,0.7721518987341772,0.8356164383561644,0.97236922289222,0.75,0.9523809523809523,0.759493670886076,0.8450704225352113,0.01,71100,0.5196850393700787,0.8354430379746836,0.6407766990291263,13,61,219,12,0.08087712075458256,0.3650075544927459,0.590718290984576,0.706614695551707,0.008903281048260946,0.8630950416475656,1.2323326946451186e-07,216.53969260065008
xgboost_weighted,34,0.8310874927805568,0.9253731343283582,0.7848101265822784,0.8493150684931506,0.973007560431977,0.75,0.9538461538461539,0.7848101265822784,0.8611111111111112,0.01,68900,0.6285714285714286,0.8354430379746836,0.717391304347826,13,39,453,11,0.045733090504498135,1.8420564198449105,0.6858525269709881,0.5822445204479881,0.023852398327188478,0.00034780113802556836,3.620187533109426e-07,292.01913362441303
xgboost_weighted,35,0.8155221237482534,0.8378378378378378,0.7848101265822784,0.8104575163398693,0.9660762832838486,0.81,0.9375,0.759493670886076,0.8391608391608392,0.02,65100,0.40236686390532544,0.8607594936708861,0.5483870967741935,11,101,676,12,0.007468829404644069,3.29382075066601,0.9463538259678179,0.6494163889034419,2.5338462084387196e-05,0.05986350842958,2.682330182309893e-08,381.18764182926355
xgboost_weighted,36,0.8232580002262766,0.9393939393939394,0.7848101265822784,0.8551724137931035,0.9784835170339288,0.68,0.9538461538461539,0.7848101265822784,0.8611111111111112,0.02,76700,0.7901234567901234,0.810126582278481,0.8,15,17,800,9,0.06628450251727698,0.06467189536871282,0.8911574195856241,0.5485378859389887,0.0925322854410494,0.006291088929429595,1.0790766007229064e-08,207.78231672571337
xgboost_weighted,37,0.8223635587439269,0.8378378378378378,0.7848101265822784,0.8104575163398693,0.9744897334509462,0.88,0.9393939393939394,0.7848101265822784,0.8551724137931035,0.01,70000,0.3119266055045872,0.8607594936708861,0.45791245791245794,11,150,381,10,0.029880027976358223,5.7757439460520965,0.746102598157949,0.6059245189095721,0.0014568060469257475,0.0010801823539347579,0.03401735990816561,370.0322938583847
xgboost_weighted,38,0.8279072901811667,0.9393939393939394,0.7848101265822784,0.8551724137931035,0.9684345704021748,0.47000000000000003,0.9393939393939394,0.7848101265822784,0.8551724137931035,0.05,76200,0.8421052631578947,0.810126582278481,0.8258064516129032,15,12,270,11,0.12078078210359436,0.25802795841359344,0.6171229057979821,0.7156333278812469,2.126653345636356e-06,0.0002708118862487489,4.274715216090772e-08,301.0198402498737
xgboost_weighted,39,0.8304497327886524,0.8611111111111112,0.7848101265822784,0.8211920529801324,0.9763008144786307,0.92,0.953125,0.7721518987341772,0.8531468531468531,0.03,67900,0.6947368421052632,0.8354430379746836,0.7586206896551724,13,29,583,10,0.09215212505207139,0.6951851900763835,0.8198153215169871,0.5911574833059903,1.0349542262603713,0.4711577256888057,2.2622743630901686e-07,452.7555094814895
xgboost_weighted,40,0.8332507029015815,0.9014084507042254,0.810126582278481,0.8533333333333334,0.9812594783663678,0.5800000000000001,0.927536231884058,0.810126582278481,0.8648648648648649,0.26,66300,0.8354430379746836,0.8354430379746836,0.8354430379746836,13,13,897,12,0.16666513479500472,19.15228010748929,0.5633028690408752,0.7493016501874794,1.1176741657392285e-05,1.4771563688664102e-08,0.00036844995155353196,181.67454983240833
xgboost_weighted,41,0.8337071514305374,0.9104477611940298,0.7721518987341772,0.8356164383561644,0.9700351447390023,0.89,0.953125,0.7721518987341772,0.8531468531468531,0.01,67600,0.717391304347826,0.8354430379746836,0.7719298245614035,13,26,594,4,0.11943298755336026,0.16385519565196346,0.6341300516253062,0.8568841713050703,1.1823776878655253e-07,0.16389056880917083,3.286095779223545e-08,907.778158377835
xgboost_weighted,42,0.8381551424047877,0.9117647058823529,0.7848101265822784,0.8435374149659864,0.973037056412454,0.09999999999999999,0.8904109589041096,0.8227848101265823,0.8552631578947368,0.09999999999999999,70800,0.8904109589041096,0.8227848101265823,0.8552631578947368,14,8,485,4,0.0942608364776985,0.12071844847881986,0.6808107384764399,0.7809853716878681,2.1749423266566747e-06,0.010094819072056224,6.676386271904085e-08,252.50737454809405
xgboost_weighted,43,0.7998463976855856,0.7111111111111111,0.810126582278481,0.757396449704142,0.96849648413478,0.99,0.921875,0.7468354430379747,0.8251748251748252,0.4,67600,0.717391304347826,0.8354430379746836,0.7719298245614035,13,26,543,9,0.15349212539134263,1.1333377440667711,0.9987842698453697,0.9990078657374311,9.414361035633567,8.97221828568604,7.086831697149483e-07,512.7961234059662
xgboost_weighted,44,0.8392301175583213,0.9117647058823529,0.7848101265822784,0.8435374149659864,0.9717790250187133,0.53,0.9393939393939394,0.7848101265822784,0.8551724137931035,0.01,67700,0.7096774193548387,0.8354430379746836,0.7674418604651163,13,27,780,5,0.04869450802439409,0.33039696132709956,0.6092850721721111,0.6847502782887034,0.11732718443943674,0.05315061792229294,2.5297918082052187e-08,671.6468033447692
xgboost_weighted,45,0.8430092063840651,0.9117647058823529,0.7848101265822784,0.8435374149659864,0.9797874619821856,0.74,0.9393939393939394,0.7848101265822784,0.8551724137931035,0.02,71800,0.7831325301204819,0.8227848101265823,0.8024691358024691,14,18,789,7,0.04919327883719787,0.33444162595626586,0.6062487669447048,0.6750810729368601,0.07751619064698517,0.08543113692393563,2.2443364803829527e-08,658.0525558926757
xgboost_weighted,46,0.8364003007066703,0.9393939393939394,0.7848101265822784,0.8551724137931035,0.9746401351249823,0.49,0.9393939393939394,0.7848101265822784,0.8551724137931035,0.21000000000000002,75900,0.8767123287671232,0.810126582278481,0.8421052631578947,15,9,874,7,0.047922009519560695,0.3003618226540189,0.6133118098990242,0.6918425407446568,0.09344952325197463,1.4311960580662087e-05,1.0688169310715659e-08,653.8936376684715
xgboost_weighted,47,0.8373370016302207,0.8985507246376812,0.7848101265822784,0.8378378378378378,0.977819022681296,0.7100000000000001,0.9393939393939394,0.7848101265822784,0.8551724137931035,0.02,64300,0.6090909090909091,0.8481012658227848,0.708994708994709,12,43,777,6,0.036386461534574144,0.46902227306149846,0.5510503293993064,0.6554032024801323,0.013920516998015242,1.2146896789523873,2.3680979500696235e-08,793.7824167708851
xgboost_weighted,48,0.8302246930410281,0.9,0.7974683544303798,0.8456375838926175,0.9716524149138356,0.65,0.9393939393939394,0.7848101265822784,0.8551724137931035,0.01,68000,0.3434343434343434,0.8607594936708861,0.49097472924187724,11,130,853,5,0.02513861390392367,0.2129163097789825,0.5390483816744449,0.6743170034427378,0.00017769881815028342,1.124917124529196e-06,1.9397697931859262e-07,607.0275020427247
xgboost_weighted,49,0.8412381774805784,0.9117647058823529,0.7848101265822784,0.8435374149659864,0.9777623959640594,0.67,0.9393939393939394,0.7848101265822784,0.8551724137931035,0.02,66800,0.7857142857142857,0.8354430379746836,0.8098159509202454,13,18,1028,4,0.06657672158910274,0.35205439731422333,0.5146891958937372,0.7589425830631238,0.0009649568235884291,0.0009054457896548687,4.401094976019644e-06,798.6187507201746
xgboost_weighted,50,0.8322716398196799,0.9130434782608695,0.7974683544303798,0.8513513513513513,0.9700407100183376,0.38,0.9130434782608695,0.7974683544303798,0.8513513513513513,0.02,68200,0.673469387755102,0.8354430379746836,0.7457627118644068,13,32,1196,3,0.06630742714825395,0.44984104111857476,0.5034678141663839,0.8326047598838391,0.000999890547088933,0.0006454321934390817,8.399671681024325e-06,819.3870245152034
xgboost_weighted,51,0.8458941655762139,0.9117647058823529,0.7848101265822784,0.8435374149659864,0.9714801695184087,0.28,0.9142857142857143,0.810126582278481,0.8590604026845637,0.01,68500,0.6534653465346535,0.8354430379746836,0.7333333333333333,13,35,1154,4,0.041616757014749185,0.3591584144911381,0.5321839444356917,0.7605255147391347,0.0002214462974130254,0.0040707658116327095,0.008722804129029387,748.1419452134103
xgboost_weighted,52,0.8420458368377355,0.8985507246376812,0.7848101265822784,0.8378378378378378,0.974248617723745,0.9400000000000001,0.9384615384615385,0.7721518987341772,0.8472222222222222,0.01,61000,0.53125,0.8607594936708861,0.6570048309178744,11,60,1119,4,0.03635224020960527,0.6192421308613179,0.5144997975819521,0.7571696947674933,0.0001486340100902511,0.003961794561880506,0.02025099906172304,750.031960991756
xgboost_weighted,53,0.8272195441603419,0.7974683544303798,0.7974683544303798,0.7974683544303798,0.9700039791747246,0.85,0.9393939393939394,0.7848101265822784,0.8551724137931035,0.11,66400,0.5114503816793893,0.8481012658227848,0.638095238095238,12,64,1054,4,0.019252599476310375,0.5734495083597803,0.5065620893923289,0.8064095110172775,0.00019816190335598128,0.0055165538355802825,0.02738523469373347,844.2873214244444
xgboost_weighted,54,0.84437273245226,0.9,0.7974683544303798,0.8456375838926175,0.9738328913573995,0.5700000000000001,0.9130434782608695,0.7974683544303798,0.8513513513513513,0.04,66800,0.7857142857142857,0.8354430379746836,0.8098159509202454,13,18,1121,4,0.039933620351319414,0.2366559934536797,0.5446748520485392,0.7621019284245946,6.590022020530011e-05,0.01749981104566519,0.3308345836658646,761.8667240534223
xgboost_weighted,55,0.829765863401283,0.8441558441558441,0.8227848101265823,0.8333333333333334,0.9717578769572393,0.7100000000000001,0.9142857142857143,0.810126582278481,0.8590604026845637,0.22,62900,0.6979166666666666,0.8481012658227848,0.7657142857142857,12,29,1133,3,0.03265702292265714,0.1414336057322686,0.527664226046119,0.7619675686781403,0.0001063997231550575,0.012750117110136915,0.2049641800214725,735.3364005692629
xgboost_weighted,56,0.8363875509533455,0.8767123287671232,0.810126582278481,0.8421052631578947,0.9737391164006,0.55,0.9014084507042254,0.810126582278481,0.8533333333333334,0.03,64100,0.4276729559748428,0.8607594936708861,0.5714285714285714,11,91,1126,3,0.04169823671724042,0.20231797382217812,0.556904367531554,0.7211131800390453,1.7464378704462017e-05,0.0029093637004013774,0.004709945246213278,747.9677611579482
xgboost_weighted,57,0.8281949998026611,0.7926829268292683,0.8227848101265823,0.8074534161490683,0.9741339729694383,0.97,0.9384615384615385,0.7721518987341772,0.8472222222222222,0.21000000000000002,67700,0.7096774193548387,0.8354430379746836,0.7674418604651163,13,27,991,4,0.025382653277901384,0.09231552125664041,0.5734467091189241,0.8006132519392465,0.00046897021237965697,0.020615983697313815,6.287919245418416,910.941777216156
xgboost_weighted,58,0.8105841420791907,0.8289473684210527,0.7974683544303798,0.8129032258064516,0.9698761168819967,0.9500000000000001,0.9375,0.759493670886076,0.8391608391608392,0.04,72200,0.2046783625730994,0.8860759493670886,0.332541567695962,9,272,1113,6,0.009550329445001705,0.043864171338076505,0.5901360575017216,0.7385053515816903,0.006315785824220194,0.25064562842214544,0.14659481985738104,994.8436630034123
xgboost_weighted,59,0.8417164891491993,0.9130434782608695,0.7974683544303798,0.8513513513513513,0.9752083501451148,0.47000000000000003,0.9130434782608695,0.7974683544303798,0.8513513513513513,0.01,69000,0.6226415094339622,0.8354430379746836,0.7135135135135136,13,40,1085,5,0.036029197669344586,0.263337093396836,0.5244144621051965,0.7061326250508024,6.486825267843674e-05,0.003515598582529869,1.3700023960264691,566.1141798776353
xgboost_weighted,60,0.8375991936032846,0.863013698630137,0.7974683544303798,0.8289473684210527,0.9740866680950884,0.59,0.9264705882352942,0.7974683544303798,0.8571428571428571,0.04,64000,0.6261682242990654,0.8481012658227848,0.7204301075268817,12,40,1086,5,0.020681287263109194,0.24961852792203534,0.5268068347483511,0.9009373645377688,4.634587587844042e-06,0.0002137952522019137,1.1668931505949014,567.5016812181736
xgboost_weighted,61,0.8390810983888326,0.9,0.7974683544303798,0.8456375838926175,0.9749540168794922,0.79,0.9253731343283582,0.7848101265822784,0.8493150684931506,0.11,71100,0.8552631578947368,0.8227848101265823,0.8387096774193549,14,11,1171,4,0.03530309656750173,0.44491275238946887,0.5468009775599216,0.7027644504640217,6.900117370609051e-05,0.003933749229841771,0.4769890440038042,706.6980045789584
xgboost_weighted,62,0.8434824087536588,0.9130434782608695,0.7974683544303798,0.8513513513513513,0.9758144090647269,0.54,0.9264705882352942,0.7974683544303798,0.8571428571428571,0.01,65000,0.5726495726495726,0.8481012658227848,0.6836734693877551,12,50,1014,5,0.04119456391025291,0.5750769941474327,0.5231081247090712,0.7737305924836563,0.00027606128286170826,0.10218085465789155,2.3484368414342227,639.2172878980709
xgboost_weighted,63,0.8296442533960775,0.8076923076923077,0.7974683544303798,0.802547770700637,0.9730248127979164,0.9600000000000001,0.953125,0.7721518987341772,0.8531468531468531,0.08,64800,0.40963855421686746,0.8607594936708861,0.5551020408163265,11,98,984,5,0.013664601811874549,0.9044346369956141,0.5260045634168895,0.8266555187387805,3.409926937464669e-05,0.013247411355540356,1.0108816706814945,640.8493405680545
xgboost_weighted,64,0.8389831831790834,0.8985507246376812,0.7848101265822784,0.8378378378378378,0.9757392777937007,0.72,0.9393939393939394,0.7848101265822784,0.8551724137931035,0.14,71200,0.8441558441558441,0.8227848101265823,0.8333333333333334,14,12,1026,6,0.04035214132949445,0.6420698816593231,0.5658282027539021,0.7721632819167705,0.0003587799290642933,0.0014983642751343394,2.478459391557198,762.1086451229911
xgboost_weighted,65,0.8374603726235621,0.8533333333333334,0.810126582278481,0.8311688311688312,0.9761586215916143,0.75,0.9142857142857143,0.810126582278481,0.8590604026845637,0.04,62700,0.4689655172413793,0.8607594936708861,0.6071428571428571,11,77,1155,4,0.029735605281205838,0.18891632053782412,0.5184760559978585,0.745804314084806,0.0002256580719924813,0.02752686682515597,9.70069700929141,688.9259850197749
xgboost_weighted,66,0.8421695315373064,0.9253731343283582,0.7848101265822784,0.8493150684931506,0.9786911019531348,0.46,0.9253731343283582,0.7848101265822784,0.8493150684931506,0.03,71600,0.8024691358024691,0.8227848101265823,0.8125,14,16,939,5,0.05311394139883166,0.5490949687909539,0.5400026694114523,0.7289096741150451,9.597141047620259e-06,0.006795069379713734,0.20338959226982645,879.2502756054586
xgboost_weighted,67,0.8486133357559057,0.9117647058823529,0.7848101265822784,0.8435374149659864,0.9810329714974219,0.43,0.9130434782608695,0.7974683544303798,0.8513513513513513,0.12,71100,0.8552631578947368,0.8227848101265823,0.8387096774193549,14,11,931,7,0.05521715757770203,0.5723223292586518,0.5507878315179403,0.7306012552419561,1.6143911327457635e-05,0.14178551250147334,0.08266982708121949,944.8563898754122
xgboost_weighted,68,0.8447412960718137,0.9130434782608695,0.7974683544303798,0.8513513513513513,0.979924924381767,0.49,0.9130434782608695,0.7974683544303798,0.8513513513513513,0.01,63900,0.6320754716981132,0.8481012658227848,0.7243243243243244,12,39,947,7,0.052855891834458164,1.6567199556819459,0.5860188007736301,0.7297121954952897,8.638587735971885e-06,0.1665441689524705,0.06066148917136509,947.5252079981399
xgboost_weighted,69,0.8355694296332753,0.875,0.7974683544303798,0.8344370860927153,0.9784709951554244,0.8300000000000001,0.9253731343283582,0.7848101265822784,0.8493150684931506,0.03,64500,0.5982142857142857,0.8481012658227848,0.7015706806282722,12,45,934,7,0.04367497258195163,1.6207622033608369,0.6529685207720682,0.791171337221838,4.1181331523196546e-06,4.488683137333478,0.008092553277789178,1066.7616243978414
xgboost_weighted,70,0.8343753637142908,0.8985507246376812,0.7848101265822784,0.8378378378378378,0.9809937362781082,0.75,0.9375,0.759493670886076,0.8391608391608392,0.01,68900,0.6285714285714286,0.8354430379746836,0.717391304347826,13,39,1014,7,0.05161768808784062,2.093175257751244,0.5844816803026268,0.5006274012416385,1.4081980673115834e-06,0.10670299501268714,0.0750069879603033,943.4825724026219
xgboost_weighted,71,0.8295406250492028,0.9253731343283582,0.7848101265822784,0.8493150684931506,0.9794933369693158,0.53,0.9393939393939394,0.7848101265822784,0.8551724137931035,0.060000000000000005,76300,0.8311688311688312,0.810126582278481,0.8205128205128205,15,13,948,8,0.054690130268687215,0.9403251878750691,0.5415622737171762,0.7292513694541265,1.541908495077444e-05,0.3211787346907722,0.4287037662672495,868.3613003528208
xgboost_weighted,72,0.8407927286910645,0.9130434782608695,0.7974683544303798,0.8513513513513513,0.9791327068683895,0.5,0.9130434782608695,0.7974683544303798,0.8513513513513513,0.03,67200,0.75,0.8354430379746836,0.7904191616766467,13,22,893,6,0.0428744489990075,1.201920573856077,0.5523536774560799,0.7706652372257948,8.940199279427387e-06,0.03832658464880473,0.08239077287412909,954.9941642901808
xgboost_weighted,73,0.8425714988015848,0.9253731343283582,0.7848101265822784,0.8493150684931506,0.9810190582990836,0.36000000000000004,0.9264705882352942,0.7974683544303798,0.8571428571428571,0.05,71600,0.8024691358024691,0.8227848101265823,0.8125,14,16,958,7,0.06215053005931874,0.41599775777415304,0.5683647056872932,0.7237715815967791,6.839902649144651e-06,0.008529813717134543,0.422229575529218,1089.5437135253587
xgboost_weighted,74,0.8445137168578296,0.9253731343283582,0.7848101265822784,0.8493150684931506,0.9789178870860475,0.45,0.9264705882352942,0.7974683544303798,0.8571428571428571,0.03,71800,0.7831325301204819,0.8227848101265823,0.8024691358024691,14,18,1056,7,0.06459365400801219,0.796845077754998,0.6015711585103087,0.6373473713930297,2.7146488730570256e-05,0.12590432561372217,0.0010722297969210676,1049.0438603407342
xgboost_weighted,75,0.8402284590118126,0.9,0.7974683544303798,0.8456375838926175,0.9776679253473429,0.74,0.9393939393939394,0.7848101265822784,0.8551724137931035,0.01,67400,0.475177304964539,0.8481012658227848,0.6090909090909091,12,74,1060,7,0.027561413904604242,2.9775357002640925,0.6024048620908369,0.6701924771158764,4.123397228147587e-05,0.10900254219951529,0.001178832012591965,1050.4560736223723
xgboost_weighted,76,0.8320881640705331,0.9264705882352942,0.7974683544303798,0.8571428571428571,0.9737649949495091,0.48000000000000004,0.9264705882352942,0.7974683544303798,0.8571428571428571,0.09999999999999999,71200,0.8441558441558441,0.8227848101265823,0.8333333333333334,14,12,845,8,0.07220109628931513,0.7906934346161548,0.6210879270367129,0.6333372774359242,9.612483425287896e-07,0.4964868774673823,0.010284875370622632,1118.6635177861947
xgboost_weighted,77,0.8371398908735707,0.8985507246376812,0.7848101265822784,0.8378378378378378,0.9772227030005204,0.72,0.9253731343283582,0.7848101265822784,0.8493150684931506,0.02,68500,0.6534653465346535,0.8354430379746836,0.7333333333333333,13,35,1086,7,0.04781901906912605,4.5967913718238265,0.6436475365080787,0.6422654601343554,2.3171793643742927e-05,0.24622509098057974,0.05520941740044029,1033.767183699458
xgboost_weighted,78,0.8355237962811146,0.8732394366197183,0.7848101265822784,0.8266666666666667,0.9809990232934767,0.62,0.9384615384615385,0.7721518987341772,0.8472222222222222,0.01,70200,0.559322033898305,0.8354430379746836,0.6700507614213198,13,52,1005,6,0.060104669610277335,1.5919663852172203,0.6672676053386128,0.5671104208715777,9.246110935819133e-05,1.520085909163386,0.0003085813788966859,959.4463418364595
xgboost_weighted,79,0.8396945240424579,0.9,0.7974683544303798,0.8456375838926175,0.9770515706609606,0.64,0.9393939393939394,0.7848101265822784,0.8551724137931035,0.03,67700,0.7096774193548387,0.8354430379746836,0.7674418604651163,13,27,904,8,0.032750648852625415,1.0610997337235444,0.5805546106649132,0.6068480126007985,0.029695197009354364,0.8613248286745162,0.0025994487876977107,510.54738261158275
xgboost_weighted,80,0.8282699404857434,0.8985507246376812,0.7848101265822784,0.8378378378378378,0.9796892348019178,0.38,0.9014084507042254,0.810126582278481,0.8533333333333334,0.21000000000000002,71200,0.8441558441558441,0.8227848101265823,0.8333333333333334,14,12,1039,6,0.08648838757653382,1.38412211976063,0.5935345403719399,0.6589299118976414,0.0008021792630114081,0.1146004669687501,2.941788720474372,1024.9062624254823
xgboost_weighted,81,0.8342516331079933,0.9393939393939394,0.7848101265822784,0.8551724137931035,0.9788060249714083,0.49,0.9393939393939394,0.7848101265822784,0.8551724137931035,0.04,71600,0.8024691358024691,0.8227848101265823,0.8125,14,16,969,7,0.06501172194611571,0.43175049275299693,0.5770566937695689,0.7188273834933201,3.29243124926103e-06,0.035143560666264194,0.4719942552568441,1113.8620131811094
xgboost_weighted,82,0.8328039149040687,0.9393939393939394,0.7848101265822784,0.8551724137931035,0.976056220451845,0.49,0.9393939393939394,0.7848101265822784,0.8551724137931035,0.03,71700,0.7926829268292683,0.8227848101265823,0.8074534161490683,14,17,956,8,0.03901184952063677,0.3644294806668642,0.5667713492713653,0.743526293563438,0.002776498540070311,0.014209048856980655,0.3102055392203064,1096.1055671573197
xgboost_weighted,83,0.8393574146898165,0.9117647058823529,0.7848101265822784,0.8435374149659864,0.9793205350459552,0.62,0.9393939393939394,0.7848101265822784,0.8551724137931035,0.01,72600,0.7142857142857143,0.8227848101265823,0.7647058823529411,14,26,842,7,0.05120361813331813,0.5028125846665608,0.5627917704165825,0.6884161298857941,3.748365973691451e-05,0.20164885204513947,4.825124770134939e-05,1149.4286628416246
xgboost_weighted,84,0.8379731852008083,0.8857142857142857,0.7848101265822784,0.8322147651006712,0.974968486605764,0.85,0.9384615384615385,0.7721518987341772,0.8472222222222222,0.02,64200,0.6146788990825688,0.8481012658227848,0.7127659574468085,12,42,1155,7,0.05655761551776147,0.16068781696981443,0.5333029357848763,0.8206323986201559,9.081938821538066e-06,3.0614351898886323,0.01277707552957443,926.3623111015548
xgboost_weighted,85,0.8413964102231333,0.9117647058823529,0.7848101265822784,0.8435374149659864,0.974751440711688,0.67,0.9253731343283582,0.7848101265822784,0.8493150684931506,0.04,71700,0.7926829268292683,0.8227848101265823,0.8074534161490683,14,17,1196,7,0.04518045455251566,0.6985669850225629,0.6247104869501768,0.7823881502006821,2.4732169522478367e-06,0.047514520684338674,0.04263368245282819,841.0663901071985
xgboost_weighted,86,0.8365619495110982,0.9253731343283582,0.7848101265822784,0.8493150684931506,0.9810765198082205,0.54,0.9393939393939394,0.7848101265822784,0.8551724137931035,0.02,71500,0.8125,0.8227848101265823,0.8176100628930818,14,15,916,8,0.07229952075418779,0.2983719989906971,0.6006094441017611,0.5295052521978534,5.550423365902544e-06,0.007486025967324681,0.1353920249228675,975.0233393322885
xgboost_weighted,87,0.8344649944506385,0.9,0.7974683544303798,0.8456375838926175,0.9768130984414435,0.55,0.9130434782608695,0.7974683544303798,0.8513513513513513,0.01,72000,0.7647058823529411,0.8227848101265823,0.7926829268292683,14,20,1072,6,0.061484729481169786,0.395116571283425,0.7058039027324914,0.7165621611439108,0.0002862243369575792,0.08568826185712249,0.6900308768101565,1085.2993478918656
xgboost_weighted,88,0.8366479873120344,0.9253731343283582,0.7848101265822784,0.8493150684931506,0.9747297361222802,0.48000000000000004,0.9264705882352942,0.7974683544303798,0.8571428571428571,0.02,67500,0.7252747252747253,0.8354430379746836,0.7764705882352941,13,25,988,6,0.03880952459885849,0.54627038709409,0.7312874854308805,0.677710269490649,3.415797170287064e-07,0.4166046843149047,0.005088375297140402,1007.5256889938663
xgboost_weighted,89,0.8397160409615212,0.9117647058823529,0.7848101265822784,0.8435374149659864,0.9770679882349995,0.72,0.9393939393939394,0.7848101265822784,0.8551724137931035,0.01,65400,0.5537190082644629,0.8481012658227848,0.67,12,54,1048,9,0.03258186135144347,0.7845692057370544,0.5011891035923464,0.7918126500289047,1.7465296859157363e-05,0.017481430154253276,1.7714979189767532,628.6520997612937
xgboost_weighted,90,0.8293082780578752,0.9014084507042254,0.810126582278481,0.8533333333333334,0.9722837958544235,0.51,0.9142857142857143,0.810126582278481,0.8590604026845637,0.02,65800,0.38636363636363635,0.8607594936708861,0.5333333333333333,11,108,720,3,0.09139596861586051,0.1268238905800525,0.5557420010731605,0.7683270811062788,0.7371523736927497,0.027457392910272438,5.339698378354062,589.8555786086558
xgboost_weighted,91,0.8459059983406177,0.9117647058823529,0.7848101265822784,0.8435374149659864,0.9766838448288816,0.59,0.9253731343283582,0.7848101265822784,0.8493150684931506,0.060000000000000005,71400,0.8227848101265823,0.8227848101265823,0.8227848101265823,14,14,935,5,0.049922781218241306,0.5366883274059725,0.5413982667951258,0.7324480874065517,9.1893659965655e-06,0.008565330207861226,0.211015622729114,777.8167625116358
xgboost_weighted,92,0.8396421083551933,0.9130434782608695,0.7974683544303798,0.8513513513513513,0.9765181386366735,0.34,0.9130434782608695,0.7974683544303798,0.8513513513513513,0.09,71000,0.8666666666666667,0.8227848101265823,0.8441558441558441,14,10,880,5,0.048621941492254586,0.23613843401730727,0.5434437891526398,0.7542242172436029,0.05373994307316706,0.001638681255090855,0.10343567808339647,780.440833299103
xgboost_weighted,93,0.8397754636199773,0.9253731343283582,0.7848101265822784,0.8493150684931506,0.9745012814055669,0.2,0.9264705882352942,0.7974683544303798,0.8571428571428571,0.01,71900,0.7738095238095238,0.8227848101265823,0.7975460122699386,14,19,1097,7,0.04430595948733821,0.010762141948325851,0.5673804773844482,0.7321953541599716,6.82747687220378e-06,0.14887627896839853,0.02533527136969964,823.0227478953461
xgboost_weighted,94,0.838834582579772,0.9,0.7974683544303798,0.8456375838926175,0.9771642675674999,0.28,0.9014084507042254,0.810126582278481,0.8533333333333334,0.04,66700,0.7951807228915663,0.8354430379746836,0.8148148148148148,13,17,969,4,0.05704518186059732,0.33952367154694213,0.5517277393550014,0.5938864359579528,2.35201603335606e-05,0.010774739381698737,0.5931916801220513,727.7216968761463
xgboost_weighted,95,0.8243497003902359,0.863013698630137,0.7974683544303798,0.8289473684210527,0.9720553411377101,0.88,0.9253731343283582,0.7848101265822784,0.8493150684931506,0.27,71000,0.8666666666666667,0.8227848101265823,0.8441558441558441,14,10,1009,5,0.1808186615802675,0.6597627561078988,0.5130644720695806,0.7098533228891701,1.2648579182583702e-05,0.06611771432632488,0.2551027234537398,711.3634352122614
xgboost_weighted,96,0.8400974729412118,0.9253731343283582,0.7848101265822784,0.8493150684931506,0.9776247944324945,0.97,0.953125,0.7721518987341772,0.8531468531468531,0.03,66800,0.7857142857142857,0.8354430379746836,0.8098159509202454,13,18,807,7,0.062421006199410205,0.5045067505264704,0.861883531529074,0.6981416769646552,5.320674897874711e-05,0.7499035242904846,0.05167032902261748,669.5751276809591
xgboost_weighted,97,0.8430756993293429,0.8985507246376812,0.7848101265822784,0.8378378378378378,0.9792156295304851,0.28,0.9,0.7974683544303798,0.8456375838926175,0.06999999999999999,71500,0.8125,0.8227848101265823,0.8176100628930818,14,15,673,6,0.07152639423268009,0.40693482538639447,0.6076494922787508,0.7408047976065487,0.014935548621577673,0.0007316813801359375,0.7731914350149184,775.8602799300229
xgboost_weighted,98,0.8397477107188156,0.9130434782608695,0.7974683544303798,0.8513513513513513,0.9736926463181503,0.8,0.9393939393939394,0.7848101265822784,0.8551724137931035,0.01,72200,0.7471264367816092,0.8227848101265823,0.7831325301204819,14,22,639,6,0.05058843579774096,0.2848781863287937,0.6060484198636047,0.7396524470853658,0.01837139208687267,0.0009581129476278908,0.016981307040098665,771.878518272119
xgboost_weighted,99,0.833581184146921,0.9117647058823529,0.7848101265822784,0.8435374149659864,0.974522429467041,0.52,0.9253731343283582,0.7848101265822784,0.8493150684931506,0.01,64700,0.5877192982456141,0.8481012658227848,0.694300518134715,12,47,615,5,0.11055661817994324,2.2467063114441945,0.6322351566686332,0.764957354337173,9.767064472052876e-05,0.0006599300968998917,0.7789393003986992,676.6214789806629
